Firma;UID;Sitz;Kanton;Publikationsdatum;Meldungsart;Zweck;Gruendungsdatum;Konkursamt;Aktenzeichen;URL
Burger & Simon Montagebau GmbH;CHE-113.766.916;Andwil;SG;2026-09-02;Kollokationsplan und Inventar;Stahl- und Montagebau, Ausführung von Schweiss- und Montagearbeiten;2007-04-16;Konkursamt des Kantons St. Gallen;KB-2026-1188;https://www.shab.ch/beispiel/1188
Rhystrans Logistik AG;CHE-116.284.335;Kloten;ZH;2026-09-08;Konkurseröffnung;Nationale und internationale Transporte, Spedition und Lagerhaltung;2011-02-03;Konkursamt Zürich-Altstadt;KZ-2026-4471;https://www.shab.ch/beispiel/4471
Seetal Garage GmbH;CHE-243.912.488;Hochdorf;LU;2026-09-05;Steigerung;Betrieb einer Garage, Handel mit Motorfahrzeugen sowie Reparatur von Fahrzeugen aller Art;2004-11-22;Konkursamt Luzern;KL-2026-0903;https://www.shab.ch/beispiel/0903
Novaline Consulting AG;CHE-357.681.249;Zug;ZG;2026-09-07;Konkurseröffnung;Unternehmensberatung, Coaching und Vermittlung von Fachpersonal;2019-06-14;Konkursamt Zug;KZG-2026-0221;https://www.shab.ch/beispiel/0221
Hafner Innenausbau AG;CHE-190.472.661;Wohlen;AG;2026-09-06;Konkurseröffnung;Betrieb einer Schreinerei, Innenausbau und Küchenbau;1998-03-09;Konkursamt Aargau;KA-2026-2207;https://www.shab.ch/beispiel/2207
Bitstream Digital GmbH;CHE-421.558.907;Zürich;ZH;2026-09-04;Konkurseröffnung;Entwicklung von Software und Webdesign;2021-08-30;Konkursamt Zürich-Altstadt;KZ-2026-4460;https://www.shab.ch/beispiel/4460
Alpenblick Gastro GmbH;CHE-288.113.555;Schwyz;SZ;2026-09-03;Konkurseröffnung;Betrieb eines Restaurants mit Catering;2016-01-25;Konkursamt Schwyz;KSZ-2026-0117;https://www.shab.ch/beispiel/0117
Furrer Tiefbau AG;CHE-102.445.773;Baar;ZG;2026-09-01;Einstellung mangels Aktiven;Tiefbau und Erdarbeiten, Baggerarbeiten;2001-05-18;Konkursamt Zug;KZG-2026-0215;https://www.shab.ch/beispiel/0215
Weber Holding AG;CHE-330.992.113;Pfäffikon;SZ;2026-09-08;Konkurseröffnung;Erwerb und Verwaltung von Beteiligungen;2014-09-01;Konkursamt Schwyz;KSZ-2026-0119;https://www.shab.ch/beispiel/0119
